order_id,customer_name,email,phone,state,order_date,amount_usd,quantity,status
1001,Alice Smith,alice.smith@example.com,0412345678,NSW,2026-01-15,49.99,2,shipped
1002,Bob Jones,bob.jones@example.com,0423456789,VIC,2026-01-22,120.0,1,delivered
1003,Carla Nguyen,carla.nguyen@example.com,0434567890,QLD,2026-02-03,15.5,4,pending
1004,David Lee,david.lee@example.com,0445678901,WA,2026-02-14,310.25,1,shipped
1005,Emma Brown,emma.brown@example.com,0456789012,SA,2026-02-28,75.0,3,cancelled
1006,Farid Khan,farid.khan@example.com,0467890123,NSW,2026-03-05,8.95,6,delivered
1007,Grace Kim,grace.kim@example.com,0478901234,TAS,2026-03-19,499.0,1,shipped
1008,Hugo Martin,hugo.martin@example.com,0489012345,ACT,2026-03-25,62.4,2,pending
1009,Isla Wilson,isla.wilson@example.com,0490123456,NT,2026-04-02,230.1,1,delivered
1010,Jack Taylor,jack.taylor@example.com,0401234567,VIC,2026-04-17,19.99,5,shipped
1011,Kira Patel,kira.patel@example.com,0411223344,QLD,2026-04-30,88.8,2,delivered
1012,Liam Chen,liam.chen@example.com,0422334455,NSW,2026-05-06,145.0,1,pending
1013,Mia Rossi,mia.rossi@example.com,0433445566,WA,2026-05-21,33.33,3,shipped
1014,Noah Evans,noah.evans@example.com,0444556677,SA,2026-06-09,275.5,1,cancelled
1015,Olivia Park,olivia.park@example.com,0455667788,NSW,2026-06-13,12.0,8,delivered
1016,Pedro Alves,pedro.alves@example.com,0466778899,VIC,2026-06-27,410.75,1,shipped
1017,Quinn Adams,quinn.adams@example.com,0477889900,QLD,2026-07-04,54.2,2,pending
1018,Ruby Walsh,ruby.walsh@example.com,0488990011,TAS,2026-07-16,99.99,1,delivered
1019,Sam Wright,sam.wright@example.com,0499001122,NSW,2026-07-29,187.6,2,shipped
1020,Tara Singh,tara.singh@example.com,0400112233,ACT,2026-08-08,24.5,4,delivered
1021,Umar Ali,umar.ali@example.com,0410203040,VIC,2026-08-19,360.0,1,pending
1022,Vera Novak,vera.novak@example.com,0420304050,WA,2026-08-23,45.45,3,shipped
1023,Will Hart,will.hart@example.com,0430405060,NSW,2026-09-01,150.0,2,delivered
1024,Xin Zhao,xin.zhao@example.com,0440506070,SA,2026-09-14,5.0,10,cancelled
1025,Yara Haddad,yara.haddad@example.com,0450607080,QLD,2026-09-18,220.2,1,shipped
1026,Zoe Clarke,zoe.clarke@example.com,0460708090,NSW,2026-09-26,67.89,2,delivered
1035,June Nash,june.nash@example.com,,VIC,2026-09-29,35.0,2,shipped
1036,Kai Owen,kai.owen@example.com,0412999888,,2026-09-29,65.0,1,pending
